month,service,cost
2025-06,AI,121.47
2025-06,Compute,321.57
2025-06,Database,154.67000000000002
2025-06,Network,4.79
2025-06,Storage,4111.57
2025-07,AI,112.6
2025-07,Compute,362.09
2025-07,Database,177.17
2025-07,Network,4.68
2025-07,Storage,4162.42
2025-08,AI,140.96
2025-08,Compute,318.03000000000003
2025-08,Database,129.41
2025-08,Network,4.55
2025-08,Storage,4323.09
